path,module,original_object,size
source/client/ProjectG/integritycheck.obj,1,<projectg>\IntegrityCheck.obj,6805
source/client/ProjectG/tikireportopener.obj,2,<projectg>\TikiReportOpener.obj,32
source/client/ProjectG/period.obj,3,<projectg>\Period.obj,32
source/client/ProjectG/selfdesignshopclient.obj,4,<projectg>\SelfDesignShopClient.obj,32
source/client/ProjectG/testercmd.obj,5,<projectg>\TesterCmd.obj,32
source/client/ProjectG/aztecmgr.obj,6,<projectg>\AztecMgr.obj,32
source/client/ProjectG/videoin.obj,7,<projectg>\videoin.obj,295
source/client/ProjectG/vcomp.obj,8,<projectg>\vcomp.obj,339
source/client/ProjectG/aviwriter.obj,9,<projectg>\aviwriter.obj,5244
source/client/ProjectG/avirecorder.obj,10,<projectg>\avirecorder.obj,6970
source/client/ProjectG/audioin.obj,11,<projectg>\audioin.obj,671
source/client/ProjectG/s5/supplypack.obj,12,<projectg>\SupplyPack.obj,10036
source/client/ProjectG/opentournament.obj,13,<projectg>\OpenTournament.obj,1120
source/client/ProjectG/s5/rentalextensiondlg.obj,14,<projectg>\RentalExtensionDlg.obj,3696
source/client/ProjectG/s5/cutinsystem/cutinsystem.obj,15,<projectg>\CutinSystem.obj,6453
source/shared/s5/sharedutilities.obj,16,<projectg>\SharedUtilities.obj,3391
source/client/ProjectG/s5/classicserver/classicserver.obj,17,<projectg>\ClassicServer.obj,468
source/client/ProjectG/s5/utilities.obj,18,<projectg>\Utilities.obj,7457
source/client/ProjectG/s5/skinnedtheme.obj,19,<projectg>\SkinnedTheme.obj,2748
source/client/ProjectG/logininfo.obj,20,<projectg>\LoginInfo.obj,10938
source/client/ProjectG/ingameguildmyroomdlg.obj,21,<projectg>\IngameGuildMyRoomDlg.obj,12961
source/client/ProjectG/ingameguildlobbydlg.obj,22,<projectg>\IngameGuildLobbyDlg.obj,37295
source/client/ProjectG/guildformcontroller.obj,23,<projectg>\GuildFormController.obj,6709
source/client/ProjectG/guildauthcontroller.obj,24,<projectg>\GuildAuthController.obj,5697
source/client/ProjectG/eventpartsrevivedlg.obj,25,<projectg>\EventPartsReviveDlg.obj,32
source/client/ProjectG/searchgoods.obj,26,<projectg>\SearchGoods.obj,32
source/client/ProjectG/rankingdlg.obj,27,<projectg>\RankingDlg.obj,32995
source/client/ProjectG/playerdlg.obj,28,<projectg>\PlayerDlg.obj,29283
source/client/ProjectG/g_starmode.obj,29,<projectg>\G_StarMode.obj,3162
source/client/ProjectG/familytask.obj,30,<projectg>\FamilyTask.obj,3584
source/client/ProjectG/familymain.obj,31,<projectg>\FamilyMain.obj,39430
source/client/ProjectG/webicons.obj,32,<projectg>\WebIcons.obj,204
source/client/ProjectG/topicons.obj,33,<projectg>\TopIcons.obj,242
source/client/ProjectG/topiconmanager.obj,34,<projectg>\TopIconManager.obj,11520
source/client/ProjectG/luciabirthdayevent.obj,35,<projectg>\LuciaBirthdayEvent.obj,32
source/client/ProjectG/birthdayeventdlg.obj,36,<projectg>\BirthdayEventDlg.obj,10582
source/client/ProjectG/worldtoureventdlg.obj,37,<projectg>\WorldTourEventDlg.obj,10342
source/client/ProjectG/valentineeventdlg.obj,38,<projectg>\ValentineEventDlg.obj,18434
source/client/ProjectG/pointeventdlg.obj,39,<projectg>\PointEventDlg.obj,19454
source/client/ProjectG/newmapeventdlg.obj,40,<projectg>\NewMapEventDlg.obj,4863
source/client/ProjectG/missioneventdlg.obj,41,<projectg>\MissionEventDlg.obj,6017
source/client/ProjectG/ladderevent.obj,42,<projectg>\LadderEvent.obj,32
source/client/ProjectG/frticketexchangedlg.obj,43,<projectg>\FrTicketExchangeDlg.obj,21522
source/client/ProjectG/frhalloweendlg.obj,44,<projectg>\FrHalloweenDlg.obj,8208
source/client/ProjectG/frfindeborteventdlg.obj,45,<projectg>\FrFindEbortEventDlg.obj,1307
source/client/ProjectG/christmassockeventdlg.obj,46,<projectg>\ChristmasSockEventDlg.obj,921
source/client/ProjectG/christamseventdlg.obj,47,<projectg>\ChristamsEventDlg.obj,6981
source/client/ProjectG/bingoeventdlg.obj,48,<projectg>\BingoEventDlg.obj,29208
source/client/ProjectG/userlistdlg.obj,49,<projectg>\UserListDlg.obj,6292
source/client/ProjectG/trainingdlg.obj,50,<projectg>\TrainingDlg.obj,2749
source/client/ProjectG/tikimagicboxdlg.obj,51,<projectg>\TikiMagicBoxDlg.obj,4837
source/client/ProjectG/serverdlg.obj,52,<projectg>\ServerDlg.obj,22188
source/client/ProjectG/scoredlg.obj,53,<projectg>\ScoreDlg.obj,13734
source/client/ProjectG/resultdlg.obj,54,<projectg>\ResultDlg.obj,45000
source/client/ProjectG/reportdlg.obj,55,<projectg>\ReportDlg.obj,3599
source/client/ProjectG/passworddlg.obj,56,<projectg>\PasswordDlg.obj,1358
source/client/ProjectG/parannickdlg.obj,57,<projectg>\ParanNickDlg.obj,1563
source/client/ProjectG/noticedlg.obj,58,<projectg>\NoticeDlg.obj,5358
source/client/ProjectG/notedlg.obj,59,<projectg>\NoteDlg.obj,2976
source/client/ProjectG/newrecorddlg.obj,60,<projectg>\NewRecordDlg.obj,2156
source/client/ProjectG/memodlg.obj,61,<projectg>\MemoDlg.obj,1323
source/client/ProjectG/mapselectdlg.obj,62,<projectg>\MapSelectDlg.obj,4272
source/client/ProjectG/makeroomdlg.obj,63,<projectg>\MakeRoomDlg.obj,22293
source/client/ProjectG/mailboxdlg.obj,64,<projectg>\MailBoxDlg.obj,2472
source/client/ProjectG/logoutdlg.obj,65,<projectg>\LogoutDlg.obj,2602
source/client/ProjectG/loginrsdlg.obj,66,<projectg>\LoginRsDlg.obj,1354
source/client/ProjectG/logindlg.obj,67,<projectg>\LoginDlg.obj,15468
source/client/ProjectG/levelupitemdlg.obj,68,<projectg>\LevelUpItemDlg.obj,6291
source/client/ProjectG/invitedlg.obj,69,<projectg>\InviteDlg.obj,428
source/client/ProjectG/guildnoticedlg.obj,70,<projectg>\GuildNoticeDlg.obj,3115
source/client/ProjectG/guilddlg.obj,71,<projectg>\GuildDlg.obj,2985
source/client/ProjectG/frquickmovedlg.obj,72,<projectg>\FrQuickMoveDlg.obj,3365
source/client/ProjectG/frimagenoticedlg.obj,73,<projectg>\FrImageNoticeDlg.obj,3819
source/client/ProjectG/friendinfodlg.obj,74,<projectg>\FriendInfoDlg.obj,2923
source/client/ProjectG/finalrankdlg.obj,75,<projectg>\FinalRankDlg.obj,2947
source/client/ProjectG/eventprizedlg.obj,76,<projectg>\EventPrizeDlg.obj,1443
source/client/ProjectG/equipdlg.obj,77,<projectg>\EquipDlg.obj,8135
source/client/ProjectG/dlgquickstartsetting.obj,78,<projectg>\DlgQuickStartSetting.obj,14032
source/client/ProjectG/detailedroominfodlg.obj,79,<projectg>\DetailedRoomInfoDlg.obj,10238
source/client/ProjectG/detaildlg.obj,80,<projectg>\DetailDlg.obj,1234
source/client/ProjectG/createnickdlg.obj,81,<projectg>\CreateNickDlg.obj,4523
source/client/ProjectG/changeroominfodlg.obj,82,<projectg>\ChangeRoomInfoDlg.obj,14048
source/client/ProjectG/caddiewarningdlg.obj,83,<projectg>\CaddieWarningDlg.obj,3496
source/client/ProjectG/awarddlg.obj,84,<projectg>\AwardDlg.obj,10277
source/client/ProjectG/addfrienddlg.obj,85,<projectg>\AddFriendDlg.obj,3959
source/client/ProjectG/lobbytask.obj,86,<projectg>\LobbyTask.obj,34015
source/client/ProjectG/lobbymain.obj,87,<projectg>\LobbyMain.obj,243865
source/client/ProjectG/lobbybg.obj,88,<projectg>\LobbyBg.obj,1781
source/client/ProjectG/upgradecaddiedlg.obj,89,<projectg>\UpgradeCaddieDlg.obj,1849
source/client/ProjectG/returngiftdlg.obj,90,<projectg>\ReturnGiftDlg.obj,518
source/client/ProjectG/repaydlg.obj,91,<projectg>\RepayDlg.obj,4143
source/client/ProjectG/helpdlg.obj,92,<projectg>\HelpDlg.obj,1626
source/client/ProjectG/giftdlg.obj,93,<projectg>\GiftDlg.obj,21214
source/client/ProjectG/frienddlg.obj,94,<projectg>\FriendDlg.obj,3924
source/client/ProjectG/fortuneopendlg.obj,95,<projectg>\FortuneOpenDlg.obj,4972
source/client/ProjectG/fortunedlg.obj,96,<projectg>\FortuneDlg.obj,1789
source/client/ProjectG/enchantdlg.obj,97,<projectg>\EnchantDlg.obj,5637
source/client/ProjectG/downgradedlg.obj,98,<projectg>\DowngradeDlg.obj,9316
source/client/ProjectG/compounddlg.obj,99,<projectg>\CompoundDlg.obj,4418
source/client/ProjectG/checkoutdlg.obj,100,<projectg>\CheckoutDlg.obj,26846
source/client/ProjectG/caddieinfodlg.obj,101,<projectg>\CaddieInfoDlg.obj,6835
source/client/ProjectG/shoptask.obj,102,<projectg>\ShopTask.obj,11616
source/client/ProjectG/shopmain.obj,103,<projectg>\ShopMain.obj,94054
source/client/ProjectG/eventshop.obj,104,<projectg>\EventShop.obj,32
source/client/ProjectG/replaymodedlg.obj,105,<projectg>\ReplayModeDlg.obj,1777
source/client/ProjectG/panggiftdlg.obj,106,<projectg>\PangGiftDlg.obj,2152
source/client/ProjectG/mascotinfodlg.obj,107,<projectg>\MascotInfoDlg.obj,7077
source/client/ProjectG/deleteitem.obj,108,<projectg>\DeleteItem.obj,4025
source/shared/uselzo.obj,109,<projectg>\uselzo.obj,1381
source/shared/tikimagicboxtable.obj,110,<projectg>\TikiMagicBoxTable.obj,11419
source/client/ProjectG/tea_helper.obj,111,<projectg>\tea_helper.obj,32
source/client/ProjectG/packetversion.obj,112,<projectg>\PacketVersion.obj,96
source/shared/localize.obj,114,<projectg>\Localize.obj,3414
source/client/ProjectG/gmtoolkit.obj,115,<projectg>\GMToolkit.obj,23950
source/client/ProjectG/threadpool.obj,116,<projectg>\ThreadPool.obj,6737
source/client/ProjectG/threadowner.obj,117,<projectg>\ThreadOwner.obj,973
source/client/ProjectG/parallelwork.obj,118,<projectg>\ParallelWork.obj,236
source/client/ProjectG/winmain.obj,119,<projectg>\Winmain.obj,32644
source/client/Fresh/source/stdafx.cpp,120,<projectg>\stdafx.obj,8841
source/client/ProjectG/stdafx.obj,120,<projectg>\stdafx.obj,8841
source/client/ProjectG/projectg.obj,121,<projectg>\ProjectG.obj,32351
source/client/ProjectG/mainframe.obj,122,<projectg>\MainFrame.obj,878
source/shared/LuaSystem/luautilitylib.obj,124,<projectg>\LuaUtilityLib.obj,10821
source/shared/LuaSystem/luascriptmanager.obj,125,<projectg>\LuaScriptManager.obj,2508
source/shared/LuaSystem/luascript.obj,126,<projectg>\LuaScript.obj,1784
source/client/ProjectG/paper.obj,127,<projectg>\Paper.obj,13306
source/client/ProjectG/md5.obj,128,<projectg>\md5.obj,2773
source/client/ProjectG/crcdef.obj,129,<projectg>\crcdef.obj,7164
source/client/ProjectG/ccrc32.obj,130,<projectg>\cCRC32.obj,6351
source/client/ProjectG/ggc_wrapper.obj,131,<projectg>\GGC_Wrapper.obj,687
source/client/ProjectG/ggc_helper.obj,132,<projectg>\GGC_Helper.obj,10782
source/client/ProjectG/ggc_dlg.obj,133,<projectg>\GGC_Dlg.obj,1259
source/client/ProjectG/uwin.obj,134,<projectg>\UWIN.obj,2292
source/client/ProjectG/tinyxmlparser.cpp,135,<projectg>\tinyxmlparser.obj,4938
source/client/ProjectG/tinyxml.cpp,136,<projectg>\tinyxml.obj,11727
source/client/ProjectG/tinystr.cpp,137,<projectg>\tinystr.obj,1402
source/client/ProjectG/udpspoon.obj,138,<projectg>\UDPSpoon.obj,4991
source/client/ProjectG/imessage.obj,139,<projectg>\IMessage.obj,1868
source/client/ProjectG/rc4.obj,140,<projectg>\RC4.obj,495
source/client/ProjectG/jrencrypt.obj,141,<projectg>\JrEncrypt.obj,854
source/client/ProjectG/blowfish.obj,142,<projectg>\blowfish.obj,7587
source/client/ProjectG/shopunit.obj,143,<projectg>\ShopUnit.obj,680
source/client/ProjectG/rankunit.obj,144,<projectg>\RankUnit.obj,919
source/client/ProjectG/networkunit.obj,145,<projectg>\NetworkUnit.obj,825
source/client/ProjectG/msnunit.obj,146,<projectg>\MSNUnit.obj,2448
source/client/ProjectG/loginunit.obj,147,<projectg>\LoginUnit.obj,1593
source/client/ProjectG/gameunit.obj,148,<projectg>\GameUnit.obj,1973
source/client/ProjectG/networkstate.obj,149,<projectg>\NetworkState.obj,90
source/client/ProjectG/finitestatemachine.obj,150,<projectg>\FiniteStateMachine.obj,4652
source/client/ProjectG/finitestate.obj,151,<projectg>\FiniteState.obj,4609
source/client/ProjectG/socket.obj,152,<projectg>\Socket.obj,2170
source/client/ProjectG/packet.obj,153,<projectg>\Packet.obj,12570
source/client/ProjectG/networksystem.obj,154,<projectg>\NetworkSystem.obj,1054
source/client/ProjectG/csharedmemory.obj,155,<projectg>\cSharedMemory.obj,509
source/client/ProjectG/clientsocket.obj,156,<projectg>\ClientSocket.obj,1738
source/client/ProjectG/chttp.obj,157,<projectg>\cHttp.obj,2308
source/client/ProjectG/rtti.cpp,158,<projectg>\RTTI.obj,52
source/client/ProjectG/objectfactory.obj,159,<projectg>\ObjectFactory.obj,9101
source/client/ProjectG/exception.obj,160,<projectg>\Exception.obj,51
source/client/ProjectG/actor.obj,161,<projectg>\Actor.obj,5766
source/client/ProjectG/gdvoiceitem.obj,162,<projectg>\GDVoiceItem.obj,2292
source/client/ProjectG/gdtextbox.obj,163,<projectg>\GDTextBox.obj,1528
source/client/ProjectG/gdeventnotice.obj,164,<projectg>\GDEventNotice.obj,1167
source/client/ProjectG/gdbitmapbox.obj,165,<projectg>\GDBitmapBox.obj,5373
source/client/ProjectG/gamedatadb.obj,166,<projectg>\GameDataDB.obj,6570
source/shared/itemmanager.obj,167,<projectg>\ItemManager.obj,170511
source/client/ProjectG/taskmanager.obj,168,<projectg>\TaskManager.obj,129777
source/client/ProjectG/soundmanager.obj,169,<projectg>\SoundManager.obj,5661
source/client/ProjectG/scenemanager.obj,170,<projectg>\SceneManager.obj,32627
source/client/ProjectG/rssmanager.obj,171,<projectg>\RSSManager.obj,2006
source/client/ProjectG/netresourcemanager.obj,172,<projectg>\NetResourceManager.obj,26710
source/client/ProjectG/inputmanager.obj,173,<projectg>\InputManager.obj,4273
source/client/ProjectG/hatmanager.obj,174,<projectg>\hatManager.obj,25077
source/client/ProjectG/hackingmanager.obj,175,<projectg>\HackingManager.obj,3414
source/client/ProjectG/gameoverlaymanager.obj,176,<projectg>\GameOverlayManager.obj,32
source/client/ProjectG/chatmsg.obj,177,<projectg>\ChatMsg.obj,13867
source/client/ProjectG/buddymanager.obj,178,<projectg>\BuddyManager.obj,4920
source/client/ProjectG/wtimer.obj,179,<projectg>\WTimer.obj,5026
source/client/ProjectG/tweaker.obj,180,<projectg>\tweaker.obj,16990
source/client/ProjectG/splash.obj,181,<projectg>\Splash.obj,1966
source/client/ProjectG/slicestr.obj,182,<projectg>\slicestr.obj,539
source/client/ProjectG/registry.obj,183,<projectg>\Registry.obj,7289
source/client/ProjectG/profiler.obj,184,<projectg>\Profiler.obj,32
source/client/ProjectG/ppl.obj,185,<projectg>\PPL.obj,462
source/client/ProjectG/networkmonitor.obj,186,<projectg>\NetworkMonitor.obj,675
source/client/ProjectG/monitor.obj,187,<projectg>\Monitor.obj,422
source/client/ProjectG/inifile.obj,188,<projectg>\INIFile.obj,1892
source/shared/exceptionreport.obj,189,<projectg>\ExceptionReport.obj,21010
source/client/ProjectG/dxdiaginfo.obj,190,<projectg>\DxDiagInfo.obj,801
source/client/ProjectG/commonutil.obj,191,<projectg>\commonutil.obj,51179
source/client/ProjectG/binstr.obj,192,<projectg>\Binstr.obj,3817
source/client/ProjectG/anotherhand.obj,193,<projectg>\AnotherHand.obj,800
source/client/ProjectG/fxspray.obj,194,<projectg>\FxSpray.obj,62959
source/client/ProjectG/fxsequence.obj,195,<projectg>\FxSequence.obj,11865
source/client/ProjectG/fxbox.obj,196,<projectg>\FxBox.obj,22507
source/client/ProjectG/shadow.obj,197,<projectg>\Shadow.obj,14095
source/client/ProjectG/quadtree.obj,198,<projectg>\QuadTree.obj,625824
source/client/ProjectG/polysoup.obj,199,<projectg>\Polysoup.obj,76403
source/client/ProjectG/background.obj,200,<projectg>\BackGround.obj,750
source/client/ProjectG/miles.obj,201,<projectg>\Miles.obj,11203
source/client/ProjectG/hatofsuneventhandler.obj,202,<projectg>\HatOfSunEventHandler.obj,40
source/client/ProjectG/specialboxdlg.obj,203,<projectg>\SpecialBoxDlg.obj,2014
source/client/ProjectG/specialbox.obj,204,<projectg>\SpecialBox.obj,1109
source/client/ProjectG/eventactor.obj,205,<projectg>\EventActor.obj,5726
source/client/ProjectG/gatewaydoc.obj,206,<projectg>\GatewayDoc.obj,3895
source/client/ProjectG/gatewayactor.obj,207,<projectg>\GatewayActor.obj,9035
source/client/ProjectG/tradehandler.obj,208,<projectg>\TradeHandler.obj,6163
source/client/ProjectG/golfitemhandler.obj,209,<projectg>\GolfItemHandler.obj,2867
source/client/ProjectG/secondarypassworddlg.obj,210,<projectg>\SecondaryPasswordDlg.obj,19005
source/client/ProjectG/secondarypassword.obj,211,<projectg>\SecondaryPassword.obj,9504
source/client/ProjectG/messagemanager.obj,212,<projectg>\MessageManager.obj,4241
source/client/ProjectG/initdelegate.obj,213,<projectg>\InitDelegate.obj,2216
source/client/ProjectG/bonusticket.obj,214,<projectg>\BonusTicket.obj,6720
source/client/ProjectG/icontentsdoc.obj,215,<projectg>\IContentsDoc.obj,17131
source/client/ProjectG/contentsdoc.obj,216,<projectg>\ContentsDoc.obj,36903
source/client/ProjectG/msnusersnapshot.obj,217,<projectg>\MsnUserSnapshot.obj,2044
source/client/ProjectG/messengeroptdlg.obj,218,<projectg>\MessengerOptDlg.obj,32
source/client/ProjectG/messengerdlg.obj,219,<projectg>\MessengerDlg.obj,35786
source/client/ProjectG/messengerchatdlg.obj,220,<projectg>\MessengerChatDlg.obj,7791
source/client/ProjectG/guildmanagedlg.obj,221,<projectg>\GuildManageDlg.obj,32
source/client/ProjectG/addguildmemberdlg.obj,222,<projectg>\AddGuildMemberDlg.obj,32
source/client/ProjectG/tradedlg.obj,223,<projectg>\TradeDlg.obj,67755
source/client/ProjectG/setitemdlg.obj,224,<projectg>\SetItemDlg.obj,2583
source/client/ProjectG/scratchdlg.obj,225,<projectg>\ScratchDlg.obj,20956
source/client/ProjectG/schooldlg.obj,226,<projectg>\SchoolDlg.obj,7687
source/client/ProjectG/recycletable.obj,227,<projectg>\RecycleTable.obj,64
source/client/ProjectG/recycledlg.obj,228,<projectg>\RecycleDlg.obj,37975
source/client/ProjectG/privatetradedlg.obj,229,<projectg>\PrivateTradeDlg.obj,50134
source/client/ProjectG/playerinfodlg.obj,230,<projectg>\PlayerInfoDlg.obj,6123
source/client/ProjectG/optiondlg.obj,231,<projectg>\OptionDlg.obj,39935
source/client/ProjectG/kbdmanualdlg.obj,232,<projectg>\KbdManualDlg.obj,459
source/client/ProjectG/iteminfodlg.obj,233,<projectg>\ItemInfoDlg.obj,7263
source/client/ProjectG/giftalarmdlg.obj,234,<projectg>\GiftAlarmDlg.obj,6541
source/client/ProjectG/frrandomboxprogress.obj,235,<projectg>\FrRandomBoxProgress.obj,1802
source/client/ProjectG/formbar.obj,236,<projectg>\FormBar.obj,4509
source/client/ProjectG/emoticondlg.obj,237,<projectg>\EmoticonDlg.obj,3032
source/client/ProjectG/cardboxdlg.obj,238,<projectg>\CardBoxDlg.obj,13011
source/client/ProjectG/bongdarishopdlg.obj,239,<projectg>\BongdariShopDlg.obj,50980
source/client/ProjectG/parttidlist.obj,240,<projectg>\PartTidList.obj,2838
source/client/ProjectG/partsinfo.obj,241,<projectg>\PartsInfo.obj,12095
source/client/ProjectG/searchmanager.obj,242,<projectg>\SearchManager.obj,32
source/client/ProjectG/searchitem.obj,243,<projectg>\SearchItem.obj,32
source/client/ProjectG/searchinterface.obj,244,<projectg>\SearchInterface.obj,32
source/client/ProjectG/searchdoc.obj,245,<projectg>\SearchDoc.obj,32
source/client/ProjectG/winnernotice.obj,246,<projectg>\WinnerNotice.obj,8264
source/client/ProjectG/user_info.obj,247,<projectg>\user_info.obj,57346
source/client/ProjectG/tooltip.obj,248,<projectg>\ToolTip.obj,2243
source/client/ProjectG/threadload.obj,249,<projectg>\ThreadLoad.obj,673
source/client/ProjectG/pangfbi.obj,250,<projectg>\PangFBI.obj,1170
source/client/ProjectG/onelinereqdlg.obj,251,<projectg>\OnelineReqDlg.obj,5042
source/client/ProjectG/onelineboard.obj,252,<projectg>\OnelineBoard.obj,3412
source/client/ProjectG/noticeimage.obj,253,<projectg>\NoticeImage.obj,836
source/client/ProjectG/noticeboard.obj,254,<projectg>\NoticeBoard.obj,4069
source/client/ProjectG/newsreader.obj,255,<projectg>\NewsReader.obj,5509
source/client/ProjectG/mousecursor.obj,256,<projectg>\mousecursor.obj,10363
source/client/ProjectG/indexcontrol.obj,257,<projectg>\IndexControl.obj,1653
source/client/ProjectG/fxinterpreter.obj,258,<projectg>\FxInterpreter.obj,2548
source/client/ProjectG/fx.obj,259,<projectg>\fx.obj,22308
source/client/ProjectG/exhibition.obj,260,<projectg>\Exhibition.obj,22508
source/client/ProjectG/codetinker.obj,261,<projectg>\CodeTinker.obj,2969
source/client/ProjectG/browser.obj,262,<projectg>\Browser.obj,40949
source/client/ProjectG/trainingoptiondlg.obj,263,<projectg>\TrainingOptionDlg.obj,10874
source/client/ProjectG/replaydlg.obj,264,<projectg>\ReplayDlg.obj,3828
source/client/ProjectG/approachresultdlg.obj,265,<projectg>\ApproachResultDlg.obj,12381
source/client/ProjectG/util.obj,266,<projectg>\Util.obj,1700
source/client/ProjectG/grounditem.obj,267,<projectg>\GroundItem.obj,5504
source/client/ProjectG/grounditemman.obj,268,<projectg>\GroundItemMan.obj,5002
source/client/ProjectG/netsyncactor.obj,269,<projectg>\NetSyncActor.obj,1427
source/client/ProjectG/powergauge.obj,270,<projectg>\PowerGauge.obj,1964
source/client/ProjectG/caddiebonus.obj,271,<projectg>\CaddieBonus.obj,1902
source/client/ProjectG/shufflebonus.obj,272,<projectg>\ShuffleBonus.obj,952
source/client/ProjectG/voiceitem.obj,273,<projectg>\VoiceItem.obj,7940
source/client/ProjectG/intrusion.obj,274,<projectg>\Intrusion.obj,7699
source/client/ProjectG/approachdesc.obj,275,<projectg>\ApproachDesc.obj,11965
source/client/ProjectG/pwc2010.obj,276,<projectg>\PWC2010.obj,32
source/client/ProjectG/matchactor.obj,277,<projectg>\MatchActor.obj,32
source/client/ProjectG/pointshop.obj,278,<projectg>\PointShop.obj,32
source/client/ProjectG/frpointshopdlg.obj,279,<projectg>\FrPointShopDlg.obj,32
source/client/ProjectG/guildactor.obj,280,<projectg>\GuildActor.obj,7143
source/client/ProjectG/shotreview.obj,281,<projectg>\ShotReview.obj,15465
source/client/ProjectG/shotpreview.obj,282,<projectg>\ShotPreview.obj,15894
source/client/ProjectG/treasuredlg.obj,283,<projectg>\TreasureDlg.obj,39752
source/client/ProjectG/treasure.obj,284,<projectg>\Treasure.obj,17049
source/client/ProjectG/demonlanddoc.obj,285,<projectg>\DemonLandDoc.obj,32
source/client/ProjectG/s5/demonlanddlg.obj,286,<projectg>\DemonLandDlg.obj,11069
source/client/ProjectG/demonexecutor.obj,287,<projectg>\DemonExecutor.obj,36
source/client/ProjectG/timelimititem.obj,288,<projectg>\TimeLimitItem.obj,32
source/client/ProjectG/frreadytoall.obj,289,<projectg>\FrReadyToAll.obj,1955
source/client/ProjectG/avatarwaitroommain.obj,290,<projectg>\AvatarWaitRoomMain.obj,32
source/client/ProjectG/titles_client.obj,291,<projectg>\Titles_Client.obj,4736
source/shared/titlemanager.obj,292,<projectg>\TitleManager.obj,3730
source/client/ProjectG/sequencestatemachine.obj,293,<projectg>\SequenceStateMachine.obj,2224
source/client/ProjectG/ghosttask.obj,294,<projectg>\GhostTask.obj,895
source/client/ProjectG/ghostplayer.obj,295,<projectg>\GhostPlayer.obj,15662
source/client/ProjectG/ghostmanager.obj,296,<projectg>\GhostManager.obj,5944
source/client/ProjectG/ghostmain.obj,297,<projectg>\GhostMain.obj,38102
source/client/ProjectG/ghosthandler.obj,298,<projectg>\GhostHandler.obj,9171
source/client/ProjectG/ghostgamedlg.obj,299,<projectg>\GhostGameDlg.obj,42426
source/client/ProjectG/ghostdocument.obj,300,<projectg>\GhostDocument.obj,22842
source/client/ProjectG/itembuffactor.obj,301,<projectg>\ItemBuffActor.obj,5528
source/client/ProjectG/standinginline.obj,302,<projectg>\StandingInLine.obj,2016
source/client/ProjectG/offlinetradedlg.obj,303,<projectg>\OfflineTradeDlg.obj,50907
source/client/ProjectG/transferableitem.obj,304,<projectg>\TransferableItem.obj,9662
source/client/ProjectG/post_senddlg.obj,305,<projectg>\Post_SendDlg.obj,23849
source/client/ProjectG/post_recivedlg.obj,306,<projectg>\Post_ReciveDlg.obj,25337
source/client/ProjectG/cardsystem.obj,307,<projectg>\CardSystem.obj,3704
source/client/ProjectG/carddlg.obj,308,<projectg>\CardDlg.obj,39207
source/client/ProjectG/cardremove.obj,309,<projectg>\CardRemove.obj,11680
source/client/ProjectG/itemstorage.obj,310,<projectg>\ItemStorage.obj,33718
source/client/ProjectG/ccardbook.obj,311,<projectg>\CCardBook.obj,16725
source/client/ProjectG/realmyroomtask.obj,312,<projectg>\RealMyRoomTask.obj,37157
source/client/ProjectG/realmyroommainui.obj,313,<projectg>\RealMyRoomMainUI.obj,210587
source/client/ProjectG/realmyroommain.obj,314,<projectg>\RealMyRoomMain.obj,25036
source/client/ProjectG/realmyroomdata.obj,315,<projectg>\RealMyRoomData.obj,24172
source/client/ProjectG/realmyroom_avatar.obj,316,<projectg>\RealMyRoom_Avatar.obj,20831
source/client/ProjectG/realmyroom_authoritydlg.obj,317,<projectg>\RealMyRoom_AuthorityDlg.obj,5453
source/client/ProjectG/furniture_ability.obj,318,<projectg>\Furniture_Ability.obj,4005
source/client/ProjectG/uccsetinfodlg.obj,319,<projectg>\UccSetInfoDlg.obj,4388
source/client/ProjectG/uccpickcolordlg.obj,320,<projectg>\UccPickColorDlg.obj,6270
source/client/ProjectG/uccmanager.obj,321,<projectg>\UccManager.obj,12718
source/client/ProjectG/ucclibrary.obj,322,<projectg>\UccLibrary.obj,12294
source/client/ProjectG/ucceditbrushdlg.obj,323,<projectg>\UccEditBrushDlg.obj,3694
source/client/ProjectG/uccdrawdlg.obj,324,<projectg>\UccDrawDlg.obj,30351
source/client/ProjectG/ucccopydlg.obj,325,<projectg>\UccCopyDlg.obj,7307
source/client/ProjectG/ucccolorpicker.obj,326,<projectg>\UccColorPicker.obj,1821
source/client/ProjectG/uccclothes.obj,327,<projectg>\UccClothes.obj,166
source/client/ProjectG/uccbrush.obj,328,<projectg>\UccBrush.obj,4554
source/client/ProjectG/uccbase.obj,329,<projectg>\UccBase.obj,16058
source/client/ProjectG/tooltipmanager.obj,330,<projectg>\ToolTipManager.obj,2325
source/client/ProjectG/tabmanager.obj,331,<projectg>\TabManager.obj,6383
source/client/ProjectG/securitykeymanager.obj,332,<projectg>\SecurityKeyManager.obj,2831
source/client/ProjectG/overlaycursor.obj,333,<projectg>\OverlayCursor.obj,4115
source/client/ProjectG/notifyform.obj,334,<projectg>\NotifyForm.obj,1327
source/client/ProjectG/generichttpclient.obj,335,<projectg>\GenericHTTPClient.obj,8826
source/client/ProjectG/fadingtext.obj,336,<projectg>\FadingText.obj,737
source/client/ProjectG/tutorialtask.obj,337,<projectg>\TutorialTask.obj,1234
source/client/ProjectG/tutorialsystem.obj,338,<projectg>\TutorialSystem.obj,32
source/client/ProjectG/tutorialmain.obj,339,<projectg>\TutorialMain.obj,32828
source/client/ProjectG/quizdlg.obj,340,<projectg>\QuizDlg.obj,4570
source/client/ProjectG/questinfodlg.obj,341,<projectg>\QuestInfoDlg.obj,11622
source/client/ProjectG/tutorial.obj,342,<projectg>\tutorial.obj,61264
source/client/ProjectG/ts_parser.obj,343,<projectg>\ts_Parser.obj,19207
source/client/ProjectG/jukeboxdlg.obj,344,<projectg>\JukeBoxDlg.obj,4100
source/client/ProjectG/gamepartydlg.obj,345,<projectg>\GamePartyDlg.obj,32
source/client/ProjectG/avataruserlistdlg.obj,346,<projectg>\AvatarUserListDlg.obj,2702
source/client/ProjectG/avatartipdlg.obj,347,<projectg>\AvatarTipDlg.obj,1986
source/client/ProjectG/avatarchatlogdlg.obj,348,<projectg>\AvatarChatLogDlg.obj,2791
source/client/ProjectG/balloontext.obj,349,<projectg>\BalloonText.obj,5975
source/client/ProjectG/avatar_task.obj,350,<projectg>\Avatar_Task.obj,16710
source/client/ProjectG/avatar_mainui.obj,351,<projectg>\Avatar_MainUI.obj,31576
source/client/ProjectG/avatar_main.obj,352,<projectg>\Avatar_Main.obj,28027
source/client/ProjectG/avatar_avatar.obj,353,<projectg>\Avatar_Avatar.obj,24238
source/client/ProjectG/effectmanager.obj,354,<projectg>\EffectManager.obj,4545
source/client/ProjectG/igameoverlay.obj,355,<projectg>\IGameOverlay.obj,32
source/client/ProjectG/videorecorder.obj,356,<projectg>\VideoRecorder.obj,32
source/client/ProjectG/trajectory.obj,357,<projectg>\trajectory.obj,18270
source/client/ProjectG/spin.obj,358,<projectg>\spin.obj,4272
source/client/ProjectG/searcher.obj,359,<projectg>\Searcher.obj,32
source/client/ProjectG/scoreboard.obj,360,<projectg>\scoreboard.obj,117902
source/client/ProjectG/privatetrade.obj,361,<projectg>\PrivateTrade.obj,5130
source/client/ProjectG/particle.obj,362,<projectg>\particle.obj,17741
source/client/ProjectG/overlaymixer.obj,363,<projectg>\OverlayMixer.obj,32
source/client/ProjectG/npc.obj,364,<projectg>\npc.obj,62451
source/client/ProjectG/mascot.obj,365,<projectg>\Mascot.obj,5004
source/client/ProjectG/magiccarpet.obj,366,<projectg>\MagicCarpet.obj,1594
source/client/ProjectG/logo.obj,367,<projectg>\logo.obj,836
source/client/ProjectG/letter_effect.obj,368,<projectg>\letter_effect.obj,8220
source/client/ProjectG/itemwindow.obj,369,<projectg>\ItemWindow.obj,10060
source/client/ProjectG/guideline.obj,370,<projectg>\guideline.obj,3513
source/client/ProjectG/guidebook.obj,371,<projectg>\guidebook.obj,6586
source/client/ProjectG/gui_control.obj,372,<projectg>\gui_control.obj,54398
source/client/ProjectG/grid.obj,373,<projectg>\grid.obj,7305
source/client/ProjectG/golfplayer.obj,374,<projectg>\golfplayer.obj,56799
source/client/ProjectG/golfcadie.obj,375,<projectg>\golfcadie.obj,36228
source/client/ProjectG/golfbg.obj,376,<projectg>\golfbg.obj,11057
source/client/ProjectG/galleryreaction.obj,377,<projectg>\galleryreaction.obj,1219
source/client/ProjectG/fallingspot.obj,378,<projectg>\fallingspot.obj,18098
source/client/ProjectG/console.obj,379,<projectg>\console.obj,31331
source/client/ProjectG/clock.obj,380,<projectg>\clock.obj,1877
source/client/ProjectG/camera.obj,381,<projectg>\camera.obj,13045
source/client/ProjectG/bubble.obj,382,<projectg>\bubble.obj,1982
source/client/ProjectG/ball.obj,383,<projectg>\ball.obj,8934
source/client/ProjectG/ambientsound.obj,384,<projectg>\ambientsound.obj,6516
source/client/ProjectG/petbody.obj,385,<projectg>\PetBody.obj,16532
source/client/ProjectG/weather.obj,386,<projectg>\weather.obj,101
source/client/ProjectG/wavelet.obj,387,<projectg>\wavelet.obj,8392
source/client/ProjectG/snow.obj,388,<projectg>\snow.obj,1792
source/client/ProjectG/sky.obj,389,<projectg>\sky.obj,10381
source/client/ProjectG/sea.obj,390,<projectg>\sea.obj,2643
source/client/ProjectG/river.obj,391,<projectg>\river.obj,19866
source/client/ProjectG/rain.obj,392,<projectg>\rain.obj,1509
source/client/ProjectG/pool.obj,393,<projectg>\pool.obj,10077
source/client/ProjectG/petal.obj,394,<projectg>\Petal.obj,2074
source/client/ProjectG/lensflare.obj,395,<projectg>\LensFlare.obj,2417
source/client/ProjectG/icesnow.obj,396,<projectg>\IceSnow.obj,1832
source/client/ProjectG/grass.obj,397,<projectg>\grass.obj,32
source/client/ProjectG/beach.obj,398,<projectg>\beach.obj,2194
source/client/ProjectG/rival.obj,399,<projectg>\rival.obj,5481
source/client/ProjectG/titlefontex.obj,400,<projectg>\TitleFontEx.obj,2738
source/client/ProjectG/talkbox.obj,401,<projectg>\talkbox.obj,3125
source/client/ProjectG/taileffect.obj,402,<projectg>\TailEffect.obj,4073
source/client/ProjectG/simpleoverlay.obj,403,<projectg>\SimpleOverlay.obj,2429
source/client/ProjectG/randomhouse.obj,404,<projectg>\RandomHouse.obj,982
source/client/ProjectG/quitwindow.obj,405,<projectg>\QuitWindow.obj,7435
source/client/ProjectG/particleparty.obj,406,<projectg>\ParticleParty.obj,25906
source/client/ProjectG/obmarker.obj,407,<projectg>\OBmarker.obj,2563
source/client/ProjectG/helpmsg.obj,408,<projectg>\HelpMsg.obj,9101
source/client/ProjectG/headicon.obj,409,<projectg>\HeadIcon.obj,5573
source/client/ProjectG/ground_info.obj,410,<projectg>\ground_info.obj,10291
source/client/ProjectG/fontinfo.obj,411,<projectg>\fontinfo.obj,89399
source/client/ProjectG/extendedeffect.obj,412,<projectg>\ExtendedEffect.obj,10624
source/client/ProjectG/effect.obj,413,<projectg>\effect.obj,1317
source/client/ProjectG/capturedbg.obj,414,<projectg>\CapturedBg.obj,529
source/client/ProjectG/camerawork.obj,415,<projectg>\camerawork.obj,46572
source/client/ProjectG/autotarget.obj,416,<projectg>\AutoTarget.obj,2976
source/client/ProjectG/ani_overlay.obj,417,<projectg>\ani_overlay.obj,845
source/client/ProjectG/3dfont.obj,418,<projectg>\3dfont.obj,1474
source/client/ProjectG/wind.obj,419,<projectg>\wind.obj,14932
source/client/ProjectG/golfball.obj,420,<projectg>\golfball.obj,538
source/client/ProjectG/club.obj,421,<projectg>\club.obj,16876
source/client/ProjectG/golfruletutorial.obj,422,<projectg>\GolfRuleTutorial.obj,1213
source/client/ProjectG/golfruletimeattack.obj,423,<projectg>\GolfRuleTimeattack.obj,1007
source/client/ProjectG/golfruleteam.obj,424,<projectg>\GolfRuleTeam.obj,2696
source/client/ProjectG/golfrulestroke.obj,425,<projectg>\GolfRuleStroke.obj,744
source/client/ProjectG/golfruleskins.obj,426,<projectg>\GolfRuleSkins.obj,723
source/client/ProjectG/golfrulequickrace.obj,427,<projectg>\GolfRuleQuickrace.obj,1007
source/client/ProjectG/golfrulenewapproach.obj,428,<projectg>\GolfRuleNewApproach.obj,1518
source/client/ProjectG/golfrulematch.obj,429,<projectg>\GolfRuleMatch.obj,1936
source/client/ProjectG/golfruleguildmatch.obj,430,<projectg>\GolfRuleGuildMatch.obj,981
source/client/ProjectG/golfrulebase.obj,431,<projectg>\GolfRuleBase.obj,4562
source/client/ProjectG/golfruleapproach.obj,432,<projectg>\GolfRuleApproach.obj,1580
source/client/ProjectG/golfrule30battle.obj,433,<projectg>\GolfRule30Battle.obj,1473
source/client/ProjectG/golftask.obj,434,<projectg>\GolfTask.obj,34217
source/client/ProjectG/golfrule.obj,435,<projectg>\GolfRule.obj,184079
source/client/ProjectG/golfdoc.obj,436,<projectg>\GolfDoc.obj,47679
source/client/ProjectG/taskmain.obj,437,<projectg>\TaskMain.obj,71285
source/client/ProjectG/shareddoc.obj,438,<projectg>\SharedDoc.obj,279416
source/client/ProjectG/pakedresource.obj,439,<projectg>\PakedResource.obj,32
source/client/ProjectG/clientsetting.obj,440,<projectg>\ClientSetting.obj,28074
source/client/Fresh/source/frarea.obj,475,<fresh>\FrArea.obj,4448
source/client/Fresh/source/frbutton.obj,476,<fresh>\FrButton.obj,4565
source/client/Fresh/source/frcmdtarget.cpp,477,<fresh>\FrCmdTarget.obj,528
source/client/Fresh/source/frcombobox.obj,478,<fresh>\FrComboBox.obj,11743
source/client/Fresh/source/frcursor.cpp,479,<fresh>\FrCursor.obj,152
source/client/Fresh/source/frdesktop.obj,480,<fresh>\FrDeskTop.obj,3154
source/client/Fresh/source/fredit.obj,481,<fresh>\FrEdit.obj,21572
source/client/Fresh/source/frelement.obj,482,<fresh>\FrElement.obj,23160
source/client/Fresh/source/fremoticon.obj,483,<fresh>\FrEmoticon.obj,12467
source/client/Fresh/source/fresh.obj,484,<fresh>\Fresh.obj,1564
source/client/Fresh/source/frform.obj,485,<fresh>\FrForm.obj,4928
source/client/Fresh/source/frframe.obj,486,<fresh>\FrFrame.obj,4449
source/client/Fresh/source/frgaugebar.obj,487,<fresh>\FrGaugeBar.obj,11517
source/client/Fresh/source/frgraphicinterface.obj,488,<fresh>\FrGraphicInterface.obj,7627
source/client/Fresh/source/frgroupbox.cpp,489,<fresh>\FrGroupBox.obj,676
source/client/Fresh/source/frlistbox.obj,490,<fresh>\FrListBox.obj,13404
source/client/Fresh/source/frmacroitem.cpp,491,<fresh>\FrMacroItem.obj,110
source/client/Fresh/source/frscrollbar.obj,492,<fresh>\FrScrollBar.obj,3686
source/client/Fresh/source/frstatic.obj,493,<fresh>\FrStatic.obj,2420
source/client/Fresh/source/frtabbutton.obj,494,<fresh>\FrTabButton.obj,4583
source/client/Fresh/source/frtext.obj,495,<fresh>\FrText.obj,8968
source/client/Fresh/source/frtextbutton.obj,496,<fresh>\FrTextButton.obj,6441
source/client/Fresh/source/frviewer.obj,497,<fresh>\FrViewer.obj,3022
source/client/Fresh/source/frwnd.obj,498,<fresh>\FrWnd.obj,7976
source/client/Fresh/source/frwndmanager.obj,499,<fresh>\FrWndManager.obj,11460
source/client/Fresh/texturecache/rectcache.obj,500,<fresh>\RectCache.obj,1379
source/client/Fresh/texturecache/tcachemanager.obj,501,<fresh>\TCacheManager.obj,5897
source/client/Fresh/source/frcontextmenuctrl.obj,502,<fresh>\FrContextMenuCtrl.obj,7533
source/client/Fresh/source/frtooltip.obj,503,<fresh>\FrToolTip.obj,7888
source/shared/thirties/gamath.obj,504,\build\custom\temp\garbage\s5\client\release\thirties\gaMath.obj,6816
source/client/Wangreal/source/wmathutil.obj,522,\build\custom\temp\garbage\s5\client\releaseqa\wangreal\wmathutil.obj,5292
source/client/Wangreal/source/wmath.obj,523,\build\custom\temp\garbage\s5\client\releaseqa\wangreal\wmath.obj,4314
source/client/Wangreal/source/wshadowview.obj,524,\build\custom\temp\garbage\s5\client\releaseqa\wangreal\WShadowView.obj,34547
source/client/Wangreal/source/wview.obj,525,\build\custom\temp\garbage\s5\client\releaseqa\wangreal\wview.obj,16627
source/client/Wangreal/source/wtextureview.cpp,526,\build\custom\temp\garbage\s5\client\releaseqa\wangreal\WTextureView.obj,2780
source/client/Wangreal/source/w3danispr.obj,527,\build\custom\temp\garbage\s5\client\releaseqa\wangreal\w3danispr.obj,7844
source/client/Wangreal/source/textout.obj,528,\build\custom\temp\garbage\s5\client\releaseqa\wangreal\textout.obj,9999
source/client/Wangreal/source/freetype2.cpp,529,\build\custom\temp\garbage\s5\client\releaseqa\wangreal\freetype2.obj,956
source/client/Wangreal/source/wfont.obj,530,\build\custom\temp\garbage\s5\client\releaseqa\wangreal\WFont.obj,83741
source/client/Wangreal/source/woverlay.obj,531,\build\custom\temp\garbage\s5\client\releaseqa\wangreal\woverlay.obj,13489
source/client/Wangreal/source/w3dspr.obj,532,\build\custom\temp\garbage\s5\client\releaseqa\wangreal\w3dSpr.obj,2515
source/client/Wangreal/source/wbone_physics.cpp,533,\build\custom\temp\garbage\s5\client\releaseqa\wangreal\wbone_physics.obj,1717
source/client/Wangreal/source/wboneset.obj,534,\build\custom\temp\garbage\s5\client\releaseqa\wangreal\wboneset.obj,12115
source/client/Wangreal/source/wbone.obj,535,\build\custom\temp\garbage\s5\client\releaseqa\wangreal\wbone.obj,69800
source/client/Wangreal/source/wxpuppet.obj,536,\build\custom\temp\garbage\s5\client\releaseqa\wangreal\wxpuppet.obj,2332
source/client/Wangreal/source/wpuppet.obj,537,\build\custom\temp\garbage\s5\client\releaseqa\wangreal\wpuppet.obj,65149
source/client/Wangreal/source/wxtnlbuffer.obj,538,\build\custom\temp\garbage\s5\client\releaseqa\wangreal\wxtnlbuffer.obj,9594
source/client/Wangreal/source/baseobject.cpp,539,\build\custom\temp\garbage\s5\client\releaseqa\wangreal\BaseObject.obj,429
source/client/Wangreal/source/wlock.cpp,540,\build\custom\temp\garbage\s5\client\releaseqa\wangreal\wlock.obj,150
source/client/Wangreal/source/xzip.obj,541,\build\custom\temp\garbage\s5\client\releaseqa\wangreal\XZip.obj,18743
source/client/Wangreal/source/xunzip.obj,542,\build\custom\temp\garbage\s5\client\releaseqa\wangreal\XUnzip.obj,25258
source/client/Wangreal/source/wblockmodel.obj,543,\build\custom\temp\garbage\s5\client\releaseqa\wangreal\WBlockModel.obj,8557
source/client/Wangreal/source/wavi.obj,544,\build\custom\temp\garbage\s5\client\releaseqa\wangreal\wavi.obj,2334
source/client/Wangreal/source/wreg.cpp,545,\build\custom\temp\garbage\s5\client\releaseqa\wangreal\wreg.obj,1927
source/shared/tea.cpp,546,\build\custom\temp\garbage\s5\client\releaseqa\wangreal\tea.obj,442
source/client/Wangreal/source/bitmap.cpp,547,\build\custom\temp\garbage\s5\client\releaseqa\wangreal\bitmap.obj,2592
source/client/Wangreal/source/westpak.obj,548,\build\custom\temp\garbage\s5\client\releaseqa\wangreal\westpak.obj,9037
source/client/Wangreal/source/wvideo.cpp,549,\build\custom\temp\garbage\s5\client\releaseqa\wangreal\wvideo.obj,86
source/client/Wangreal/source/wdevmng.obj,550,\build\custom\temp\garbage\s5\client\releaseqa\wangreal\wdevmng.obj,7037
source/client/Wangreal/source/wresrcmng.obj,551,\build\custom\temp\garbage\s5\client\releaseqa\wangreal\wresrcmng.obj,32056
